PerformanceID,EmployeeID,ReviewDate,EnvironmentSatisfaction,JobSatisfaction,RelationshipSatisfaction,TrainingOpportunitiesWithinYear,TrainingOpportunitiesTaken,WorkLifeBalance,SelfRating,ManagerRating
PR6197,6A0D-9C4D,29/06/2022,Very Dissatisfied,Dissatisfied,Very Dissatisfied,1,3,1,Above and Beyond,Exceeds Expectation 
PR2563,469A-8121,27/09/2018,Very Satisfied,Very Satisfied,Dissatisfied,1,1,5,Above and Beyond,Exceeds Expectation 
PR2681,A923-9EF6,5/12/2018,Satisfied ,Dissatisfied,Dissatisfied,1,3,4,Above and Beyond,Exceeds Expectation 
PR1724,A91B-7DC5,14/06/2017,Satisfied ,Satisfied ,Dissatisfied,1,0,3,Above and Beyond,Above and Beyond
PR432,DF94-FD29,18/12/2014,Satisfied ,Very Satisfied,Dissatisfied,1,2,3,Above and Beyond,Above and Beyond
PR4803,E442-1FEE,25/03/2021,Satisfied ,Neutral,Dissatisfied,1,3,5,Above and Beyond,Above and Beyond
PR5607,C251-2A18,7/01/2022,Very Satisfied,Very Satisfied,Dissatisfied,1,2,5,Above and Beyond,Above and Beyond
PR1203,F83C-CA1D,19/07/2016,Neutral,Satisfied ,Neutral,1,1,5,Above and Beyond,Exceeds Expectation 
PR868,7839-CA12,12/01/2016,Satisfied ,Very Satisfied,Neutral,1,1,3,Above and Beyond,Exceeds Expectation 
PR568,D077-169C,18/03/2015,Satisfied ,Satisfied ,Satisfied ,1,0,3,Above and Beyond,Above and Beyond
PR3198,5731-90E6,1/07/2019,Neutral,Dissatisfied,Very Satisfied,1,2,4,Above and Beyond,Exceeds Expectation 
PR2226,2D85-ABDD,2/04/2018,Very Satisfied,Satisfied ,Very Satisfied,1,0,5,Above and Beyond,Above and Beyond
PR4760,68FB-06A7,12/03/2021,Neutral,Satisfied ,Very Satisfied,1,1,3,Above and Beyond,Above and Beyond
PR539,C57E-6E4F,4/03/2015,Satisfied ,Neutral,Very Satisfied,1,1,3,Above and Beyond,Above and Beyond
PR554,E3B6-49F8,8/03/2015,Satisfied ,Very Satisfied,Very Satisfied,1,0,5,Above and Beyond,Above and Beyond
PR3165,6FE3-2270,17/06/2019,Very Satisfied,Neutral,Dissatisfied,1,0,5,Above and Beyond,Exceeds Expectation 
PR4259,2ED2-2CEC,2/09/2020,Neutral,Neutral,Dissatisfied,1,0,5,Above and Beyond,Exceeds Expectation 
PR2574,B102-5713,1/10/2018,Satisfied ,Satisfied ,Neutral,1,2,2,Above and Beyond,Exceeds Expectation 
PR307,C79A-E5E1,30/04/2014,Satisfied ,Neutral,Neutral,1,0,4,Above and Beyond,Exceeds Expectation 
PR320,F3D0-41D1,6/05/2014,Neutral,Dissatisfied,Neutral,1,0,3,Above and Beyond,Exceeds Expectation 
PR1745,450D-13A9,26/06/2017,Very Satisfied,Dissatisfied,Neutral,1,0,2,Above and Beyond,Above and Beyond
PR1837,4FD5-CC71,27/08/2017,Neutral,Neutral,Neutral,1,0,5,Above and Beyond,Above and Beyond
PR1947,085C-7FC2,20/11/2017,Very Satisfied,Neutral,Satisfied ,1,0,4,Above and Beyond,Exceeds Expectation 
PR2779,05B0-755F,20/01/2019,Neutral,Satisfied ,Satisfied ,1,1,2,Above and Beyond,Above and Beyond
PR1909,6280-B47F,31/10/2017,Satisfied ,Very Satisfied,Very Satisfied,1,0,3,Above and Beyond,Exceeds Expectation 
PR2153,ABB5-0B95,2/03/2018,Very Satisfied,Satisfied ,Very Satisfied,1,0,4,Above and Beyond,Exceeds Expectation 
PR3074,DA4C-7F2E,11/05/2019,Neutral,Dissatisfied,Very Satisfied,1,0,4,Above and Beyond,Exceeds Expectation 
PR4030,3A2C-ABB8,1/06/2020,Satisfied ,Very Satisfied,Very Satisfied,1,2,2,Above and Beyond,Exceeds Expectation 
PR5856,E1B4-9AA1,21/03/2022,Neutral,Very Satisfied,Very Satisfied,1,1,2,Above and Beyond,Exceeds Expectation 
PR6011,565B-C207,2/05/2022,Satisfied ,Neutral,Very Satisfied,1,2,5,Above and Beyond,Exceeds Expectation 
PR1184,F9B6-C80B,3/07/2016,Satisfied ,Neutral,Very Satisfied,1,0,2,Above and Beyond,Above and Beyond
PR2783,F98B-61B3,21/01/2019,Satisfied ,Very Satisfied,Dissatisfied,1,2,4,Above and Beyond,Exceeds Expectation 
PR3747,03D3-AA88,2/03/2020,Neutral,Satisfied ,Dissatisfied,1,1,3,Above and Beyond,Exceeds Expectation 
PR1694,462E-03DF,26/05/2017,Satisfied ,Satisfied ,Dissatisfied,1,0,2,Above and Beyond,Above and Beyond
PR3611,79D0-C935,15/01/2020,Neutral,Satisfied ,Dissatisfied,1,1,4,Above and Beyond,Above and Beyond
PR713,450D-13A9,27/06/2015,Very Satisfied,Very Satisfied,Dissatisfied,1,2,5,Above and Beyond,Above and Beyond
PR2493,5B0E-31FB,9/08/2018,Very Satisfied,Neutral,Neutral,1,3,5,Above and Beyond,Exceeds Expectation 
PR5277,C27A-1115,30/08/2021,Satisfied ,Satisfied ,Neutral,1,0,4,Above and Beyond,Exceeds Expectation 
PR3454,FD95-9EEB,7/11/2019,Neutral,Dissatisfied,Satisfied ,1,2,2,Above and Beyond,Exceeds Expectation 
PR1761,7B98-EA6F,9/07/2017,Satisfied ,Satisfied ,Satisfied ,1,0,3,Above and Beyond,Above and Beyond
PR1936,F9E1-87E9,12/11/2017,Neutral,Very Satisfied,Satisfied ,1,1,2,Above and Beyond,Above and Beyond
PR258,E1B4-9AA1,23/03/2014,Neutral,Neutral,Very Satisfied,1,3,4,Above and Beyond,Exceeds Expectation 
PR611,5C03-1009,14/04/2015,Satisfied ,Dissatisfied,Very Satisfied,1,1,4,Above and Beyond,Exceeds Expectation 
PR134,A848-F98B,12/05/2013,Very Satisfied,Satisfied ,Dissatisfied,1,0,4,Above and Beyond,Exceeds Expectation 
PR2051,606E-A262,19/01/2018,Satisfied ,Neutral,Neutral,1,1,3,Above and Beyond,Exceeds Expectation 
PR5807,EAB1-2EB2,5/03/2022,Satisfied ,Very Satisfied,Neutral,1,0,2,Above and Beyond,Exceeds Expectation 
PR3451,67ED-A630,6/11/2019,Neutral,Very Satisfied,Neutral,1,1,3,Above and Beyond,Above and Beyond
PR3941,FE2B-3DC7,4/05/2020,Neutral,Very Satisfied,Satisfied ,1,2,5,Above and Beyond,Exceeds Expectation 
PR845,63B0-1036,28/12/2015,Very Satisfied,Dissatisfied,Satisfied ,1,1,4,Above and Beyond,Above and Beyond
PR2531,2DD1-FD7F,2/09/2018,Very Satisfied,Neutral,Very Satisfied,1,2,2,Above and Beyond,Exceeds Expectation 
PR2113,0DBC-596E,14/02/2018,Very Satisfied,Neutral,Very Satisfied,1,0,5,Above and Beyond,Above and Beyond
PR4673,55B1-3712,13/02/2021,Satisfied ,Satisfied ,Very Satisfied,1,3,3,Above and Beyond,Above and Beyond
PR3504,F265-79B0,1/12/2019,Neutral,Satisfied ,Dissatisfied,1,0,2,Above and Beyond,Above and Beyond
PR5186,D6BB-FEDF,24/07/2021,Neutral,Neutral,Dissatisfied,1,1,2,Above and Beyond,Above and Beyond
PR5069,C6F6-CDFE,16/06/2021,Very Satisfied,Neutral,Neutral,1,0,3,Above and Beyond,Exceeds Expectation 
PR2533,D6A7-EF72,3/09/2018,Neutral,Satisfied ,Neutral,1,3,3,Above and Beyond,Above and Beyond
PR3778,68FB-06A7,12/03/2020,Neutral,Very Satisfied,Neutral,1,0,4,Above and Beyond,Above and Beyond
PR3864,D7F8-1775,10/04/2020,Neutral,Satisfied ,Neutral,1,3,4,Above and Beyond,Above and Beyond
PR4936,ED5D-E9D8,3/05/2021,Satisfied ,Very Dissatisfied,Neutral,1,0,2,Above and Beyond,Above and Beyond
PR4136,1243-8B63,13/07/2020,Very Satisfied,Dissatisfied,Satisfied ,1,0,3,Above and Beyond,Exceeds Expectation 
PR1091,11AE-3E4D,5/05/2016,Neutral,Satisfied ,Satisfied ,1,2,1,Above and Beyond,Above and Beyond
PR2762,CBB3-0D7E,15/01/2019,Neutral,Dissatisfied,Satisfied ,1,1,3,Above and Beyond,Above and Beyond
PR4185,6EEF-5B17,2/08/2020,Neutral,Satisfied ,Very Satisfied,1,0,3,Above and Beyond,Exceeds Expectation 
PR1384,F93E-BDEF,3/01/2017,Neutral,Very Satisfied,Very Satisfied,1,2,2,Above and Beyond,Above and Beyond
PR3309,52DD-757F,17/08/2019,Very Dissatisfied,Satisfied ,Very Dissatisfied,1,2,4,Above and Beyond,Exceeds Expectation 
PR4968,1C57-5F2A,14/05/2021,Satisfied ,Dissatisfied,Dissatisfied,1,3,5,Above and Beyond,Exceeds Expectation 
PR4989,00B0-F199,20/05/2021,Very Satisfied,Neutral,Dissatisfied,1,3,4,Above and Beyond,Exceeds Expectation 
PR6078,BD1B-53A3,22/05/2022,Very Satisfied,Satisfied ,Dissatisfied,1,1,3,Above and Beyond,Exceeds Expectation 
PR5621,9591-C955,10/01/2022,Very Satisfied,Neutral,Dissatisfied,1,0,3,Above and Beyond,Above and Beyond
PR1578,0D8F-C0F3,5/04/2017,Neutral,Very Satisfied,Neutral,1,3,3,Above and Beyond,Exceeds Expectation 
PR3041,5D73-961A,29/04/2019,Very Satisfied,Satisfied ,Neutral,1,2,4,Above and Beyond,Exceeds Expectation 
PR401,277A-A6FA,4/10/2014,Satisfied ,Satisfied ,Neutral,1,2,4,Above and Beyond,Exceeds Expectation 
PR5568,4D7E-BDA4,27/12/2021,Very Satisfied,Neutral,Neutral,1,0,4,Above and Beyond,Exceeds Expectation 
PR2204,5160-53BD,24/03/2018,Satisfied ,Satisfied ,Neutral,1,3,5,Above and Beyond,Above and Beyond
PR2233,C95C-CE06,5/04/2018,Satisfied ,Dissatisfied,Satisfied ,1,0,2,Above and Beyond,Exceeds Expectation 
PR2175,0C23-26DD,9/03/2018,Very Satisfied,Neutral,Satisfied ,1,2,4,Above and Beyond,Above and Beyond
PR471,6FE1-C8A8,19/01/2015,Very Satisfied,Very Satisfied,Satisfied ,1,3,4,Above and Beyond,Above and Beyond
PR6282,B59D-CA4C,23/07/2022,Very Satisfied,Satisfied ,Satisfied ,1,1,2,Above and Beyond,Above and Beyond
PR3974,0A05-3943,15/05/2020,Neutral,Dissatisfied,Very Satisfied,1,0,2,Above and Beyond,Exceeds Expectation 
PR4917,C79A-E5E1,28/04/2021,Very Satisfied,Neutral,Very Satisfied,1,1,4,Above and Beyond,Exceeds Expectation 
PR5824,1E20-2FFF,9/03/2022,Neutral,Very Satisfied,Very Satisfied,1,2,2,Above and Beyond,Exceeds Expectation 
PR5933,9071-14B2,10/04/2022,Satisfied ,Very Satisfied,Very Satisfied,1,0,2,Above and Beyond,Exceeds Expectation 
PR2019,9E7A-1F70,7/01/2018,Neutral,Dissatisfied,Very Satisfied,1,1,2,Above and Beyond,Above and Beyond
PR3110,6A09-C910,23/05/2019,Neutral,Satisfied ,Very Satisfied,1,0,5,Above and Beyond,Above and Beyond
PR956,596B-33F4,28/02/2016,Neutral,Satisfied ,Very Satisfied,1,1,5,Above and Beyond,Above and Beyond
PR1987,5C61-8F3A,20/12/2017,Very Satisfied,Very Satisfied,Dissatisfied,1,0,3,Above and Beyond,Exceeds Expectation 
PR728,6345-2F33,12/07/2015,Neutral,Neutral,Dissatisfied,1,2,4,Above and Beyond,Exceeds Expectation 
PR3964,BE93-0736,12/05/2020,Very Satisfied,Dissatisfied,Dissatisfied,1,2,2,Above and Beyond,Above and Beyond
PR5383,7269-88EC,17/10/2021,Satisfied ,Very Satisfied,Dissatisfied,1,3,5,Above and Beyond,Above and Beyond
PR697,3F0C-41A7,13/06/2015,Neutral,Neutral,Dissatisfied,1,0,2,Above and Beyond,Above and Beyond
PR943,D6BA-10A1,21/02/2016,Neutral,Very Satisfied,Dissatisfied,1,1,4,Above and Beyond,Above and Beyond
PR3518,DBF0-2EA3,8/12/2019,Satisfied ,Neutral,Neutral,1,0,2,Above and Beyond,Exceeds Expectation 
PR1571,8FD9-AA59,31/03/2017,Satisfied ,Dissatisfied,Neutral,1,0,2,Above and Beyond,Above and Beyond
PR1764,9A87-71F6,9/07/2017,Satisfied ,Satisfied ,Neutral,1,0,4,Above and Beyond,Above and Beyond
PR1173,4CCA-B1E6,26/06/2016,Neutral,Neutral,Satisfied ,1,0,5,Above and Beyond,Exceeds Expectation 
PR1404,D045-B6CA,13/01/2017,Very Satisfied,Neutral,Satisfied ,1,1,4,Above and Beyond,Exceeds Expectation 
PR1819,6112-8476,15/08/2017,Very Satisfied,Neutral,Satisfied ,1,2,2,Above and Beyond,Exceeds Expectation 
PR3239,D926-DED9,18/07/2019,Neutral,Very Satisfied,Satisfied ,1,1,2,Above and Beyond,Above and Beyond
PR5585,B61E-0F26,1/01/2022,Neutral,Satisfied ,Satisfied ,1,1,5,Above and Beyond,Above and Beyond
PR2176,B005-602F,10/03/2018,Very Satisfied,Satisfied ,Very Satisfied,1,1,5,Above and Beyond,Exceeds Expectation 
PR5084,95CB-4E31,23/06/2021,Neutral,Dissatisfied,Very Satisfied,1,1,4,Above and Beyond,Exceeds Expectation 
PR3371,EB81-3E51,26/09/2019,Neutral,Satisfied ,Very Satisfied,1,0,3,Above and Beyond,Above and Beyond
PR4690,CED0-8D31,20/02/2021,Very Satisfied,Very Satisfied,Very Satisfied,1,2,3,Above and Beyond,Above and Beyond
PR2079,E099-3FCC,1/02/2018,Neutral,Neutral,Dissatisfied,1,2,3,Above and Beyond,Exceeds Expectation 
PR3088,0A05-3943,16/05/2019,Neutral,Very Satisfied,Dissatisfied,1,1,4,Above and Beyond,Exceeds Expectation 
PR3821,9AAB-DCD0,27/03/2020,Satisfied ,Satisfied ,Dissatisfied,1,0,5,Above and Beyond,Exceeds Expectation 
PR4000,6A09-C910,22/05/2020,Very Satisfied,Satisfied ,Dissatisfied,1,3,3,Above and Beyond,Exceeds Expectation 
PR5085,9BE8-2C44,23/06/2021,Very Satisfied,Satisfied ,Dissatisfied,1,2,5,Above and Beyond,Exceeds Expectation 
PR1284,6F3E-2A75,20/10/2016,Satisfied ,Satisfied ,Dissatisfied,1,2,3,Above and Beyond,Above and Beyond
PR3047,B148-55FB,1/05/2019,Neutral,Very Satisfied,Dissatisfied,1,1,2,Above and Beyond,Above and Beyond
PR612,EE91-1A9C,15/04/2015,Very Satisfied,Dissatisfied,Dissatisfied,1,0,5,Above and Beyond,Above and Beyond
PR6676,0697-ADC3,21/12/2022,Satisfied ,Very Satisfied,Dissatisfied,1,0,4,Above and Beyond,Above and Beyond
PR1449,D7EE-56FC,2/02/2017,Very Satisfied,Very Satisfied,Neutral,1,3,4,Above and Beyond,Exceeds Expectation 
PR2362,7349-CCE0,29/05/2018,Satisfied ,Dissatisfied,Neutral,1,3,4,Above and Beyond,Above and Beyond
PR6253,E324-1C33,14/07/2022,Very Satisfied,Very Satisfied,Neutral,1,0,5,Above and Beyond,Above and Beyond
PR6693,7696-E50D,25/12/2022,Dissatisfied,Satisfied ,Neutral,1,1,2,Above and Beyond,Above and Beyond
PR4316,130F-32AB,30/09/2020,Neutral,Dissatisfied,Satisfied ,1,1,5,Above and Beyond,Exceeds Expectation 
PR5123,AF58-5D1B,7/07/2021,Neutral,Dissatisfied,Satisfied ,1,0,3,Above and Beyond,Exceeds Expectation 
PR5488,6A2B-42DB,24/11/2021,Very Satisfied,Very Satisfied,Satisfied ,1,1,5,Above and Beyond,Exceeds Expectation 
PR1003,DA8E-9496,18/03/2016,Neutral,Very Satisfied,Satisfied ,1,0,5,Above and Beyond,Above and Beyond
PR966,EACC-D1F6,2/03/2016,Neutral,Dissatisfied,Satisfied ,1,1,3,Above and Beyond,Above and Beyond
PR1420,606E-A262,19/01/2017,Very Satisfied,Neutral,Very Satisfied,1,0,2,Above and Beyond,Exceeds Expectation 
PR4311,9085-1FE8,27/09/2020,Satisfied ,Very Satisfied,Very Satisfied,1,0,3,Above and Beyond,Exceeds Expectation 
PR5964,5BDE-7102,19/04/2022,Neutral,Dissatisfied,Very Satisfied,1,1,2,Above and Beyond,Exceeds Expectation 
PR2393,549F-B3E7,17/06/2018,Satisfied ,Neutral,Dissatisfied,1,0,2,Above and Beyond,Exceeds Expectation 
PR4713,17AD-99F5,28/02/2021,Satisfied ,Dissatisfied,Dissatisfied,1,0,2,Above and Beyond,Exceeds Expectation 
PR5548,0697-ADC3,21/12/2021,Neutral,Satisfied ,Dissatisfied,1,1,4,Above and Beyond,Exceeds Expectation 
PR912,1F12-DDDA,3/02/2016,Very Satisfied,Dissatisfied,Dissatisfied,1,0,2,Above and Beyond,Exceeds Expectation 
PR2168,7EE7-2C43,7/03/2018,Satisfied ,Neutral,Neutral,1,1,2,Above and Beyond,Exceeds Expectation 
PR2252,EE91-1A9C,14/04/2018,Satisfied ,Satisfied ,Neutral,1,1,5,Above and Beyond,Exceeds Expectation 
PR3044,2F04-931F,30/04/2019,Neutral,Neutral,Neutral,1,1,3,Above and Beyond,Exceeds Expectation 
PR4006,566A-FC64,24/05/2020,Satisfied ,Dissatisfied,Neutral,1,0,5,Above and Beyond,Exceeds Expectation 
PR3286,5B0E-31FB,9/08/2019,Neutral,Satisfied ,Neutral,1,2,2,Above and Beyond,Above and Beyond
PR1580,3B11-DF28,5/04/2017,Very Satisfied,Very Satisfied,Satisfied ,1,2,5,Above and Beyond,Exceeds Expectation 
PR6185,8026-658D,25/06/2022,Very Satisfied,Very Satisfied,Satisfied ,1,2,3,Above and Beyond,Exceeds Expectation 
PR1650,9BD6-2C43,6/05/2017,Satisfied ,Very Satisfied,Satisfied ,1,1,2,Above and Beyond,Above and Beyond
PR1408,28EA-A010,15/01/2017,Very Satisfied,Neutral,Very Satisfied,1,1,3,Above and Beyond,Exceeds Expectation 
PR1875,825E-0B3A,4/10/2017,Very Satisfied,Neutral,Very Satisfied,1,0,5,Above and Beyond,Exceeds Expectation 
PR2302,ED5D-E9D8,4/05/2018,Neutral,Neutral,Very Satisfied,1,0,2,Above and Beyond,Exceeds Expectation 
PR4672,0DBC-596E,13/02/2021,Satisfied ,Satisfied ,Very Satisfied,1,3,2,Above and Beyond,Exceeds Expectation 
PR4816,8BCA-723F,29/03/2021,Very Satisfied,Dissatisfied,Very Satisfied,1,0,2,Above and Beyond,Above and Beyond
PR77,73CF-4956,8/03/2013,Satisfied ,Satisfied ,Very Satisfied,1,1,4,Above and Beyond,Above and Beyond
PR1958,2BEA-43B2,28/11/2017,Very Satisfied,Dissatisfied,Dissatisfied,1,1,4,Above and Beyond,Exceeds Expectation 
PR3317,60B5-48ED,21/08/2019,Very Satisfied,Very Satisfied,Dissatisfied,1,0,4,Above and Beyond,Exceeds Expectation 
PR5666,AB03-8820,23/01/2022,Satisfied ,Satisfied ,Dissatisfied,1,1,5,Above and Beyond,Above and Beyond
PR1940,C395-8C36,17/11/2017,Very Satisfied,Very Satisfied,Neutral,1,3,3,Above and Beyond,Exceeds Expectation 
PR5445,BFF3-AADC,8/11/2021,Satisfied ,Neutral,Neutral,1,0,2,Above and Beyond,Exceeds Expectation 
PR5783,93B1-6510,28/02/2022,Neutral,Very Satisfied,Neutral,1,1,4,Above and Beyond,Above and Beyond
PR148,D91C-815B,27/05/2013,Neutral,Neutral,Satisfied ,1,0,5,Above and Beyond,Exceeds Expectation 
PR1560,6010-A052,25/03/2017,Satisfied ,Satisfied ,Satisfied ,1,1,3,Above and Beyond,Exceeds Expectation 
PR6265,C0BE-FED0,18/07/2022,Neutral,Dissatisfied,Satisfied ,1,0,3,Above and Beyond,Exceeds Expectation 
PR4746,E3B6-49F8,6/03/2021,Very Dissatisfied,Dissatisfied,Satisfied ,1,2,4,Above and Beyond,Above and Beyond
PR3377,B990-35DA,29/09/2019,Neutral,Dissatisfied,Very Satisfied,1,1,2,Above and Beyond,Exceeds Expectation 
PR91,84E7-02D4,26/03/2013,Satisfied ,Neutral,Very Satisfied,1,0,3,Above and Beyond,Exceeds Expectation 
PR2326,DE6C-86FC,15/05/2018,Satisfied ,Dissatisfied,Very Satisfied,1,1,2,Above and Beyond,Above and Beyond
PR472,EB8F-204D,19/01/2015,Satisfied ,Dissatisfied,Very Satisfied,1,1,5,Above and Beyond,Above and Beyond
PR836,AF5D-A8C8,20/12/2015,Neutral,Satisfied ,Very Satisfied,1,0,5,Above and Beyond,Above and Beyond
PR1675,A2D0-E2D2,19/05/2017,Satisfied ,Satisfied ,Dissatisfied,1,1,3,Above and Beyond,Exceeds Expectation 
PR3560,E47D-E3C5,30/12/2019,Satisfied ,Satisfied ,Dissatisfied,1,1,3,Above and Beyond,Exceeds Expectation 
PR924,9DFE-1FD5,10/02/2016,Very Satisfied,Very Satisfied,Dissatisfied,1,0,5,Above and Beyond,Exceeds Expectation 
PR1273,277A-A6FA,3/10/2016,Neutral,Dissatisfied,Dissatisfied,1,2,2,Above and Beyond,Above and Beyond
PR4118,380F-A08A,8/07/2020,Very Satisfied,Dissatisfied,Dissatisfied,1,0,4,Above and Beyond,Above and Beyond
PR5543,5C61-8F3A,19/12/2021,Very Satisfied,Dissatisfied,Dissatisfied,1,1,2,Above and Beyond,Above and Beyond
PR1712,DDBF-9C79,6/06/2017,Satisfied ,Very Satisfied,Neutral,1,0,5,Above and Beyond,Exceeds Expectation 
PR5338,469A-8121,26/09/2021,Neutral,Satisfied ,Neutral,1,0,2,Above and Beyond,Exceeds Expectation 
PR2371,91C6-564B,1/06/2018,Neutral,Neutral,Neutral,1,1,3,Above and Beyond,Above and Beyond
PR4576,63B8-CCC0,14/01/2021,Very Satisfied,Neutral,Neutral,1,2,3,Above and Beyond,Above and Beyond
PR2255,55FD-42E9,14/04/2018,Very Satisfied,Dissatisfied,Satisfied ,1,1,5,Above and Beyond,Exceeds Expectation 
PR2727,40BE-EEAF,31/12/2018,Neutral,Satisfied ,Satisfied ,1,1,5,Above and Beyond,Exceeds Expectation 
PR1387,D5DA-363A,6/01/2017,Very Satisfied,Satisfied ,Satisfied ,1,3,4,Above and Beyond,Above and Beyond
PR412,6280-B47F,1/11/2014,Neutral,Dissatisfied,Satisfied ,1,0,2,Above and Beyond,Above and Beyond
PR2976,0D8F-C0F3,5/04/2019,Very Satisfied,Neutral,Very Satisfied,1,1,3,Above and Beyond,Exceeds Expectation 
PR3386,277A-A6FA,3/10/2019,Neutral,Satisfied ,Very Satisfied,1,3,4,Above and Beyond,Above and Beyond
PR3735,CC8A-0B1F,29/02/2020,Satisfied ,Satisfied ,Dissatisfied,1,0,3,Above and Beyond,Exceeds Expectation 
PR1766,132B-F2B2,10/07/2017,Neutral,Satisfied ,Dissatisfied,1,3,5,Above and Beyond,Above and Beyond
PR1790,4316-C080,22/07/2017,Satisfied ,Neutral,Dissatisfied,1,1,3,Above and Beyond,Above and Beyond
PR2137,3560-C117,26/02/2018,Very Satisfied,Very Satisfied,Dissatisfied,1,0,5,Above and Beyond,Above and Beyond
PR3155,3E42-57C8,14/06/2019,Very Satisfied,Dissatisfied,Neutral,1,2,3,Above and Beyond,Above and Beyond
PR6257,DFA2-1B8F,16/07/2022,Very Satisfied,Satisfied ,Neutral,1,2,2,Above and Beyond,Above and Beyond
PR1640,565B-C207,3/05/2017,Neutral,Dissatisfied,Satisfied ,1,3,4,Above and Beyond,Exceeds Expectation 
PR5372,1158-9E23,13/10/2021,Very Dissatisfied,Dissatisfied,Satisfied ,1,1,3,Above and Beyond,Exceeds Expectation 
PR3248,95D8-5DC7,21/07/2019,Satisfied ,Neutral,Very Satisfied,1,1,4,Above and Beyond,Exceeds Expectation 
PR3819,A954-6310,26/03/2020,Satisfied ,Very Satisfied,Very Satisfied,1,0,2,Above and Beyond,Exceeds Expectation 
PR1011,5160-53BD,24/03/2016,Satisfied ,Dissatisfied,Very Satisfied,1,2,2,Above and Beyond,Above and Beyond
PR3586,79E4-6632,8/01/2020,Very Satisfied,Very Satisfied,Very Satisfied,1,1,5,Above and Beyond,Above and Beyond
PR3954,E28D-424B,9/05/2020,Very Satisfied,Satisfied ,Very Satisfied,1,0,2,Above and Beyond,Above and Beyond
PR6535,B1BC-0011,30/10/2022,Satisfied ,Satisfied ,Very Satisfied,1,0,4,Above and Beyond,Above and Beyond
PR885,EB8F-204D,19/01/2016,Satisfied ,Satisfied ,Very Satisfied,1,1,5,Above and Beyond,Above and Beyond
PR186,B4E1-4A3E,26/01/2014,Satisfied ,Neutral,Dissatisfied,1,0,2,Above and Beyond,Exceeds Expectation 
PR2844,0DBC-596E,14/02/2019,Neutral,Very Satisfied,Dissatisfied,1,0,2,Above and Beyond,Exceeds Expectation 
PR1096,E8B6-8BAE,7/05/2016,Very Dissatisfied,Satisfied ,Dissatisfied,1,1,4,Above and Beyond,Above and Beyond
PR1805,4D95-ECAD,2/08/2017,Very Satisfied,Dissatisfied,Dissatisfied,1,1,3,Above and Beyond,Above and Beyond
PR2708,A2FB-2D5D,22/12/2018,Neutral,Neutral,Neutral,1,0,5,Above and Beyond,Exceeds Expectation 
PR506,B407-ABCA,11/02/2015,Very Satisfied,Satisfied ,Neutral,1,2,4,Above and Beyond,Exceeds Expectation 
PR5225,4294-03D1,11/08/2021,Neutral,Neutral,Neutral,1,1,4,Above and Beyond,Exceeds Expectation 
PR3222,9900-1159,11/07/2019,Very Satisfied,Satisfied ,Neutral,1,2,2,Above and Beyond,Above and Beyond
PR2456,13FA-3559,18/07/2018,Very Satisfied,Dissatisfied,Satisfied ,1,1,4,Above and Beyond,Above and Beyond
PR4046,19C3-DAE4,9/06/2020,Satisfied ,Dissatisfied,Satisfied ,1,1,5,Above and Beyond,Above and Beyond
PR1168,5468-EEE1,21/06/2016,Satisfied ,Neutral,Very Satisfied,1,2,4,Above and Beyond,Exceeds Expectation 
PR3554,4D7E-BDA4,28/12/2019,Satisfied ,Neutral,Very Satisfied,1,1,4,Above and Beyond,Above and Beyond
PR3619,EB8F-204D,18/01/2020,Neutral,Very Satisfied,Very Satisfied,1,0,3,Above and Beyond,Above and Beyond
PR4277,8F78-4A32,11/09/2020,Neutral,Neutral,Dissatisfied,1,2,3,Above and Beyond,Exceeds Expectation 
PR2592,5C48-9106,15/10/2018,Neutral,Satisfied ,Dissatisfied,1,1,3,Above and Beyond,Above and Beyond
PR5463,FB6A-3F11,14/11/2021,Neutral,Neutral,Neutral,1,2,3,Above and Beyond,Exceeds Expectation 
PR4241,17AE-E715,23/08/2020,Satisfied ,Satisfied ,Neutral,1,2,5,Above and Beyond,Above and Beyond
PR6287,205B-4D34,24/07/2022,Satisfied ,Neutral,Neutral,1,1,4,Above and Beyond,Above and Beyond
PR4434,3D9E-FB05,20/11/2020,Neutral,Satisfied ,Satisfied ,1,0,4,Above and Beyond,Exceeds Expectation 
PR5493,4969-9A35,27/11/2021,Satisfied ,Dissatisfied,Satisfied ,1,0,3,Above and Beyond,Exceeds Expectation 
PR2354,29C2-1A3F,26/05/2018,Neutral,Dissatisfied,Satisfied ,1,1,5,Above and Beyond,Above and Beyond
PR4402,3642-EEAE,7/11/2020,Very Satisfied,Neutral,Very Satisfied,1,2,5,Above and Beyond,Exceeds Expectation 
PR5501,4886-62DF,1/12/2021,Satisfied ,Neutral,Very Satisfied,1,1,3,Above and Beyond,Exceeds Expectation 
PR5629,3992-22AD,13/01/2022,Neutral,Dissatisfied,Very Satisfied,1,0,2,Above and Beyond,Exceeds Expectation 
PR267,47A0-559B,28/03/2014,Neutral,Very Satisfied,Very Satisfied,1,2,2,Above and Beyond,Above and Beyond
PR3038,F1BD-033D,28/04/2019,Satisfied ,Satisfied ,Very Satisfied,1,1,3,Above and Beyond,Above and Beyond
PR1075,C79A-E5E1,29/04/2016,Satisfied ,Dissatisfied,Dissatisfied,1,0,4,Above and Beyond,Exceeds Expectation 
PR4974,2BCE-F73C,15/05/2021,Neutral,Dissatisfied,Dissatisfied,1,3,4,Above and Beyond,Exceeds Expectation 
PR5880,A954-6310,26/03/2022,Neutral,Very Satisfied,Dissatisfied,1,3,2,Above and Beyond,Exceeds Expectation 
PR5698,A885-BF42,2/02/2022,Neutral,Very Dissatisfied,Dissatisfied,1,0,1,Above and Beyond,Above and Beyond
PR5991,D93A-CC98,27/04/2022,Satisfied ,Neutral,Dissatisfied,1,1,4,Above and Beyond,Above and Beyond
PR2503,6112-8476,15/08/2018,Satisfied ,Neutral,Neutral,1,1,2,Above and Beyond,Exceeds Expectation 
PR3200,5E9A-FE30,1/07/2019,Neutral,Satisfied ,Neutral,1,1,4,Above and Beyond,Exceeds Expectation 
PR5947,C3C0-349E,15/04/2022,Very Satisfied,Neutral,Satisfied ,1,1,4,Above and Beyond,Exceeds Expectation 
PR181,D4D5-27FB,23/01/2014,Satisfied ,Dissatisfied,Very Satisfied,1,2,2,Above and Beyond,Exceeds Expectation 
PR299,D24B-5AC8,23/04/2014,Satisfied ,Dissatisfied,Very Satisfied,1,0,2,Above and Beyond,Exceeds Expectation 
PR4294,3476-CA56,20/09/2020,Satisfied ,Very Satisfied,Very Satisfied,1,0,3,Above and Beyond,Exceeds Expectation 
PR4031,0C7B-2EA6,2/06/2020,Neutral,Neutral,Very Satisfied,1,1,4,Above and Beyond,Above and Beyond
PR1430,20BA-5868,23/01/2017,Neutral,Satisfied ,Dissatisfied,1,1,2,Above and Beyond,Above and Beyond
PR4077,5544-4583,22/06/2020,Satisfied ,Satisfied ,Dissatisfied,1,1,5,Above and Beyond,Above and Beyond
PR5858,E399-E4F6,21/03/2022,Satisfied ,Neutral,Dissatisfied,1,3,2,Above and Beyond,Above and Beyond
PR1518,1054-9C3B,5/03/2017,Satisfied ,Neutral,Neutral,1,1,2,Above and Beyond,Above and Beyond
PR2491,67D7-9785,6/08/2018,Satisfied ,Very Satisfied,Satisfied ,1,2,3,Above and Beyond,Exceeds Expectation 
PR504,9DFE-1FD5,10/02/2015,Very Satisfied,Satisfied ,Satisfied ,1,0,5,Above and Beyond,Exceeds Expectation 
PR5061,D4BE-786C,14/06/2021,Very Satisfied,Neutral,Satisfied ,1,3,2,Above and Beyond,Exceeds Expectation 
PR150,C08F-94F9,30/05/2013,Satisfied ,Satisfied ,Very Satisfied,1,2,2,Above and Beyond,Exceeds Expectation 
PR2898,468A-E249,5/03/2019,Very Satisfied,Very Satisfied,Very Satisfied,1,1,4,Above and Beyond,Exceeds Expectation 
PR5646,6FE1-C8A8,17/01/2022,Satisfied ,Neutral,Very Satisfied,1,0,3,Above and Beyond,Exceeds Expectation 
PR6009,59DB-8465,1/05/2022,Very Satisfied,Very Satisfied,Very Satisfied,1,2,3,Above and Beyond,Exceeds Expectation 
PR4041,F60C-4888,7/06/2020,Neutral,Very Satisfied,Very Satisfied,1,1,4,Above and Beyond,Above and Beyond
PR4555,D106-E487,8/01/2021,Very Dissatisfied,Dissatisfied,Very Dissatisfied,1,1,3,Above and Beyond,Above and Beyond
PR2904,3044-EB49,6/03/2019,Very Satisfied,Dissatisfied,Dissatisfied,1,1,3,Above and Beyond,Exceeds Expectation 
PR1252,C973-E8E5,9/09/2016,Very Satisfied,Dissatisfied,Dissatisfied,1,3,3,Above and Beyond,Above and Beyond
PR4956,41FE-D257,11/05/2021,Satisfied ,Dissatisfied,Dissatisfied,1,3,4,Above and Beyond,Above and Beyond
PR5455,2A04-49D1,10/11/2021,Satisfied ,Very Satisfied,Dissatisfied,1,1,3,Above and Beyond,Above and Beyond
PR5981,0626-7020,24/04/2022,Neutral,Very Satisfied,Dissatisfied,1,2,4,Above and Beyond,Above and Beyond
PR1684,81BE-17CD,23/05/2017,Satisfied ,Dissatisfied,Neutral,1,0,3,Above and Beyond,Exceeds Expectation 
PR2101,9DFE-1FD5,9/02/2018,Neutral,Satisfied ,Neutral,1,0,3,Above and Beyond,Exceeds Expectation 
PR3046,327B-F6D3,1/05/2019,Very Satisfied,Very Satisfied,Neutral,1,0,4,Above and Beyond,Exceeds Expectation 
PR4781,7961-A93B,18/03/2021,Neutral,Satisfied ,Neutral,1,1,5,Above and Beyond,Above and Beyond
PR1253,1D35-190A,11/09/2016,Very Satisfied,Very Satisfied,Satisfied ,1,0,2,Above and Beyond,Exceeds Expectation 
PR1378,B61E-0F26,2/01/2017,Very Dissatisfied,Very Dissatisfied,Satisfied ,1,2,4,Above and Beyond,Exceeds Expectation 
PR1522,8567-5B27,6/03/2017,Satisfied ,Neutral,Satisfied ,1,3,5,Above and Beyond,Exceeds Expectation 
PR5269,473C-EA4E,25/08/2021,Very Satisfied,Satisfied ,Satisfied ,1,1,3,Above and Beyond,Exceeds Expectation 
PR2317,A848-F98B,11/05/2018,Neutral,Very Satisfied,Satisfied ,1,1,3,Above and Beyond,Above and Beyond
PR3706,B97B-73D7,17/02/2020,Very Satisfied,Neutral,Satisfied ,1,0,2,Above and Beyond,Above and Beyond
PR1948,7FFD-C810,21/11/2017,Very Satisfied,Satisfied ,Very Satisfied,1,1,2,Above and Beyond,Exceeds Expectation 
PR236,06B9-B79D,5/03/2014,Neutral,Satisfied ,Very Satisfied,1,0,4,Above and Beyond,Exceeds Expectation 
PR4579,B48C-47D0,15/01/2021,Neutral,Very Satisfied,Very Satisfied,1,0,4,Above and Beyond,Exceeds Expectation 
PR4920,D49C-096C,29/04/2021,Neutral,Satisfied ,Very Satisfied,1,2,2,Above and Beyond,Exceeds Expectation 
PR5278,134B-4157,31/08/2021,Very Satisfied,Very Satisfied,Very Satisfied,1,1,3,Above and Beyond,Exceeds Expectation 
PR5713,5AD2-3B02,5/02/2022,Neutral,Satisfied ,Very Satisfied,1,0,3,Above and Beyond,Above and Beyond
PR5832,4F28-CFAF,13/03/2022,Neutral,Satisfied ,Very Satisfied,1,2,3,Above and Beyond,Above and Beyond
PR6091,566A-FC64,24/05/2022,Satisfied ,Satisfied ,Very Dissatisfied,1,3,2,Above and Beyond,Exceeds Expectation 
PR6089,9C24-CD7A,24/05/2022,Neutral,Dissatisfied,Dissatisfied,1,0,4,Above and Beyond,Exceeds Expectation 
PR4948,4657-FE18,8/05/2021,Satisfied ,Satisfied ,Dissatisfied,1,2,3,Above and Beyond,Above and Beyond
PR1516,0322-D46B,3/03/2017,Satisfied ,Very Satisfied,Neutral,1,0,5,Above and Beyond,Exceeds Expectation 
PR1525,7EE7-2C43,7/03/2017,Neutral,Dissatisfied,Neutral,1,2,5,Above and Beyond,Above and Beyond
PR2685,E927-46D7,6/12/2018,Very Satisfied,Very Satisfied,Neutral,1,1,5,Above and Beyond,Above and Beyond
PR3830,8FD9-AA59,30/03/2020,Neutral,Dissatisfied,Neutral,1,2,3,Above and Beyond,Above and Beyond
PR2279,A11D-324A,23/04/2018,Satisfied ,Neutral,Satisfied ,1,1,2,Above and Beyond,Exceeds Expectation 
PR4396,CC7A-EE97,5/11/2020,Neutral,Neutral,Satisfied ,1,1,5,Above and Beyond,Exceeds Expectation 
PR4514,2857-A950,27/12/2020,Neutral,Satisfied ,Satisfied ,1,1,5,Above and Beyond,Exceeds Expectation 
PR4588,D921-AC35,17/01/2021,Dissatisfied,Very Dissatisfied,Satisfied ,1,1,1,Above and Beyond,Exceeds Expectation 
PR2915,CFE3-312D,11/03/2019,Neutral,Dissatisfied,Satisfied ,1,0,4,Above and Beyond,Above and Beyond
PR1048,5C03-1009,13/04/2016,Neutral,Dissatisfied,Very Satisfied,1,2,5,Above and Beyond,Exceeds Expectation 
PR5368,90EB-69E4,11/10/2021,Satisfied ,Neutral,Very Satisfied,1,1,5,Above and Beyond,Exceeds Expectation 
PR5012,4938-402A,26/05/2021,Satisfied ,Satisfied ,Very Satisfied,1,0,4,Above and Beyond,Above and Beyond
PR5126,7B98-EA6F,8/07/2021,Satisfied ,Neutral,Dissatisfied,1,3,4,Above and Beyond,Exceeds Expectation 
PR6348,AE51-5502,15/08/2022,Satisfied ,Neutral,Dissatisfied,1,1,2,Above and Beyond,Exceeds Expectation 
PR1334,C54B-DBC5,29/11/2016,Neutral,Dissatisfied,Dissatisfied,1,2,3,Above and Beyond,Above and Beyond
PR2102,0D1B-DEC2,10/02/2018,Neutral,Dissatisfied,Dissatisfied,1,3,5,Above and Beyond,Above and Beyond
PR405,45FF-ACE6,18/10/2014,Neutral,Neutral,Dissatisfied,1,1,4,Above and Beyond,Above and Beyond
PR805,C395-8C36,18/11/2015,Very Satisfied,Neutral,Dissatisfied,1,1,2,Above and Beyond,Above and Beyond
PR117,D93A-CC98,29/04/2013,Satisfied ,Very Satisfied,Neutral,1,0,5,Above and Beyond,Exceeds Expectation 
PR3270,AD8F-7539,30/07/2019,Very Satisfied,Satisfied ,Neutral,1,0,3,Above and Beyond,Exceeds Expectation 
PR3697,388D-DB68,13/02/2020,Satisfied ,Satisfied ,Neutral,1,2,5,Above and Beyond,Exceeds Expectation 
PR1869,5C7B-86C0,30/09/2017,Very Satisfied,Very Satisfied,Neutral,1,0,2,Above and Beyond,Above and Beyond
PR3710,2219-56CA,20/02/2020,Satisfied ,Very Satisfied,Neutral,1,0,5,Above and Beyond,Above and Beyond
PR3670,B975-943A,4/02/2020,Very Satisfied,Satisfied ,Satisfied ,1,1,3,Above and Beyond,Exceeds Expectation 
PR3925,D49C-096C,29/04/2020,Neutral,Very Satisfied,Satisfied ,1,1,3,Above and Beyond,Exceeds Expectation 
PR6667,DCFE-F601,18/12/2022,Very Satisfied,Satisfied ,Satisfied ,1,1,5,Above and Beyond,Exceeds Expectation 
PR386,5605-237E,26/08/2014,Neutral,Dissatisfied,Satisfied ,1,1,5,Above and Beyond,Above and Beyond
PR3978,2BCE-F73C,15/05/2020,Very Satisfied,Dissatisfied,Satisfied ,1,1,2,Above and Beyond,Above and Beyond
PR5281,C730-6B13,1/09/2021,Neutral,Neutral,Satisfied ,1,0,3,Above and Beyond,Above and Beyond
PR288,C5C2-985F,14/04/2014,Satisfied ,Dissatisfied,Very Satisfied,1,0,2,Above and Beyond,Exceeds Expectation 
PR4378,3012-1A41,29/10/2020,Neutral,Dissatisfied,Very Satisfied,1,0,3,Above and Beyond,Exceeds Expectation 
PR3304,41DC-E8B5,16/08/2019,Very Satisfied,Dissatisfied,Very Satisfied,1,0,4,Above and Beyond,Above and Beyond
PR5507,A923-9EF6,4/12/2021,Satisfied ,Very Satisfied,Very Satisfied,1,2,3,Above and Beyond,Above and Beyond
PR4156,95D8-5DC7,20/07/2020,Satisfied ,Very Satisfied,Dissatisfied,1,1,5,Above and Beyond,Exceeds Expectation 
PR4775,BC5E-3B7B,16/03/2021,Very Satisfied,Neutral,Dissatisfied,1,2,3,Above and Beyond,Exceeds Expectation 
PR5492,12B5-11CC,26/11/2021,Neutral,Dissatisfied,Dissatisfied,1,2,5,Above and Beyond,Exceeds Expectation 
PR6577,FB6A-3F11,14/11/2022,Dissatisfied,Neutral,Dissatisfied,1,2,3,Above and Beyond,Exceeds Expectation 
PR1320,C25C-C434,18/11/2016,Neutral,Neutral,Dissatisfied,1,0,2,Above and Beyond,Above and Beyond
PR1338,BD70-7DAE,3/12/2016,Satisfied ,Satisfied ,Dissatisfied,1,0,5,Above and Beyond,Above and Beyond
PR183,8AAD-FAFB,24/01/2014,Very Satisfied,Very Satisfied,Dissatisfied,1,1,4,Above and Beyond,Above and Beyond
PR3910,1147-7E2F,24/04/2020,Satisfied ,Dissatisfied,Dissatisfied,1,0,2,Above and Beyond,Above and Beyond
PR763,4404-DE5A,13/09/2015,Satisfied ,Neutral,Dissatisfied,1,3,4,Above and Beyond,Above and Beyond
PR1405,B340-5AD2,13/01/2017,Satisfied ,Neutral,Neutral,1,0,5,Above and Beyond,Exceeds Expectation 
PR2734,C2DD-9D37,2/01/2019,Very Satisfied,Dissatisfied,Neutral,1,3,2,Above and Beyond,Exceeds Expectation 
PR4734,B1EC-849B,4/03/2021,Very Satisfied,Satisfied ,Neutral,1,0,4,Above and Beyond,Exceeds Expectation 
PR5956,6151-4A92,17/04/2022,Satisfied ,Satisfied ,Neutral,1,0,3,Above and Beyond,Exceeds Expectation 
PR596,3B11-DF28,6/04/2015,Very Satisfied,Dissatisfied,Neutral,1,2,2,Above and Beyond,Above and Beyond
PR5124,0E79-8257,7/07/2021,Very Satisfied,Dissatisfied,Satisfied ,1,0,3,Above and Beyond,Exceeds Expectation 
PR4253,134B-4157,31/08/2020,Neutral,Neutral,Satisfied ,1,0,5,Above and Beyond,Above and Beyond
PR5027,B3AF-7E58,31/05/2021,Very Satisfied,Dissatisfied,Satisfied ,1,0,3,Above and Beyond,Above and Beyond
PR5484,1053-41B1,22/11/2021,Satisfied ,Very Satisfied,Satisfied ,1,3,4,Above and Beyond,Above and Beyond
PR1024,8FD9-AA59,31/03/2016,Very Satisfied,Dissatisfied,Very Satisfied,1,1,2,Above and Beyond,Exceeds Expectation 
PR1131,ED49-73D3,24/05/2016,Neutral,Very Satisfied,Dissatisfied,1,0,4,Above and Beyond,Exceeds Expectation 
PR3648,041A-31B0,29/01/2020,Neutral,Dissatisfied,Dissatisfied,1,2,3,Above and Beyond,Exceeds Expectation 
PR1897,21CB-EF3E,22/10/2017,Neutral,Satisfied ,Neutral,1,0,2,Above and Beyond,Exceeds Expectation 
PR2718,A9EB-9E41,25/12/2018,Neutral,Satisfied ,Neutral,1,2,4,Above and Beyond,Exceeds Expectation 
PR3246,AE33-DDE7,20/07/2019,Neutral,Neutral,Neutral,1,1,2,Above and Beyond,Exceeds Expectation 
PR3639,B4E1-4A3E,25/01/2020,Satisfied ,Very Satisfied,Neutral,1,0,3,Above and Beyond,Exceeds Expectation 
PR3707,D351-C7E4,17/02/2020,Neutral,Dissatisfied,Neutral,1,1,4,Above and Beyond,Exceeds Expectation 
PR2106,8ED3-4377,11/02/2018,Very Satisfied,Dissatisfied,Neutral,1,0,2,Above and Beyond,Above and Beyond
PR5366,E55D-FCA0,8/10/2021,Very Satisfied,Satisfied ,Satisfied ,1,0,5,Above and Beyond,Exceeds Expectation 
PR1990,F93D-CB5A,22/12/2017,Satisfied ,Very Satisfied,Very Satisfied,1,2,3,Above and Beyond,Exceeds Expectation 
PR4557,FAB0-2FF2,8/01/2021,Very Satisfied,Very Satisfied,Very Satisfied,1,1,3,Above and Beyond,Exceeds Expectation 
PR507,DB6C-3B2F,12/02/2015,Satisfied ,Dissatisfied,Very Satisfied,1,0,5,Above and Beyond,Exceeds Expectation 
PR5380,FEEC-A663,16/10/2021,Satisfied ,Dissatisfied,Very Satisfied,1,0,4,Above and Beyond,Exceeds Expectation 
PR5883,9AAB-DCD0,27/03/2022,Satisfied ,Very Satisfied,Very Satisfied,1,0,5,Above and Beyond,Exceeds Expectation 
PR2615,9E22-6287,29/10/2018,Neutral,Neutral,Very Satisfied,1,2,5,Above and Beyond,Above and Beyond
PR5486,E523-D168,23/11/2021,Satisfied ,Dissatisfied,Very Satisfied,1,1,2,Above and Beyond,Above and Beyond
PR1208,9DB2-76B3,25/07/2016,Very Satisfied,Neutral,Dissatisfied,1,1,4,Above and Beyond,Exceeds Expectation 
PR1949,C219-6C2E,22/11/2017,Very Satisfied,Very Satisfied,Dissatisfied,1,2,4,Above and Beyond,Exceeds Expectation 
PR438,79F3-8AA5,1/01/2015,Neutral,Dissatisfied,Dissatisfied,1,2,4,Above and Beyond,Exceeds Expectation 
PR545,155B-42BE,6/03/2015,Neutral,Dissatisfied,Dissatisfied,1,0,5,Above and Beyond,Exceeds Expectation 
PR635,A1B4-5481,1/05/2015,Neutral,Neutral,Dissatisfied,1,2,4,Above and Beyond,Exceeds Expectation 
PR3076,41FE-D257,12/05/2019,Satisfied ,Dissatisfied,Dissatisfied,1,1,2,Above and Beyond,Above and Beyond
PR3432,D18F-8C48,27/10/2019,Very Satisfied,Very Satisfied,Dissatisfied,1,1,5,Above and Beyond,Above and Beyond
PR1335,9FE1-0345,1/12/2016,Satisfied ,Satisfied ,Neutral,1,0,3,Above and Beyond,Exceeds Expectation 
PR1337,4886-62DF,2/12/2016,Satisfied ,Satisfied ,Neutral,1,0,5,Above and Beyond,Exceeds Expectation 
PR3615,8A6B-AD5C,17/01/2020,Very Satisfied,Very Satisfied,Neutral,1,1,3,Above and Beyond,Exceeds Expectation 
PR3140,0C7B-2EA6,3/06/2019,Very Satisfied,Neutral,Neutral,1,0,5,Above and Beyond,Above and Beyond
PR2962,A807-DE5D,30/03/2019,Very Satisfied,Satisfied ,Satisfied ,1,1,4,Above and Beyond,Exceeds Expectation 
PR5812,D954-6402,6/03/2022,Very Satisfied,Neutral,Satisfied ,1,0,5,Above and Beyond,Exceeds Expectation 
PR501,D696-9D82,6/02/2015,Very Satisfied,Very Satisfied,Satisfied ,1,0,2,Above and Beyond,Above and Beyond
PR1254,4404-DE5A,12/09/2016,Neutral,Very Satisfied,Very Satisfied,1,3,2,Above and Beyond,Exceeds Expectation 
PR5498,296A-A685,29/11/2021,Neutral,Neutral,Very Satisfied,1,0,5,Above and Beyond,Exceeds Expectation 
PR619,FD3F-5255,20/04/2015,Neutral,Satisfied ,Very Satisfied,1,0,3,Above and Beyond,Above and Beyond
PR1548,9727-BC84,18/03/2017,Satisfied ,Dissatisfied,Very Dissatisfied,1,1,3,Above and Beyond,Exceeds Expectation 
PR1139,DEBE-1622,29/05/2016,Neutral,Dissatisfied,Neutral,1,0,4,Above and Beyond,Exceeds Expectation 
PR2374,06E8-4FD4,4/06/2018,Very Satisfied,Satisfied ,Neutral,1,1,4,Above and Beyond,Exceeds Expectation 
PR1122,9169-FC4B,20/05/2016,Satisfied ,Satisfied ,Neutral,1,0,3,Above and Beyond,Above and Beyond
PR1551,88B8-EB84,19/03/2017,Very Satisfied,Neutral,Satisfied ,1,0,2,Above and Beyond,Exceeds Expectation 
PR1614,C025-B8B6,20/04/2017,Neutral,Satisfied ,Satisfied ,1,1,3,Above and Beyond,Exceeds Expectation 
PR6309,ED73-F078,3/08/2022,Satisfied ,Very Satisfied,Satisfied ,1,2,5,Above and Beyond,Exceeds Expectation 
PR1223,5B0E-31FB,9/08/2016,Neutral,Satisfied ,Very Satisfied,1,1,3,Above and Beyond,Above and Beyond
PR4661,DB6C-3B2F,10/02/2021,Very Satisfied,Very Satisfied,Very Satisfied,1,2,5,Above and Beyond,Above and Beyond
PR5379,AA19-95BD,16/10/2021,Neutral,Very Satisfied,Very Satisfied,1,2,5,Above and Beyond,Above and Beyond
PR2091,B975-943A,4/02/2018,Very Satisfied,Satisfied ,Dissatisfied,1,1,2,Above and Beyond,Exceeds Expectation 
PR2846,5A04-0EB4,15/02/2019,Very Satisfied,Neutral,Dissatisfied,1,2,3,Above and Beyond,Exceeds Expectation 
PR899,6125-FEC8,27/01/2016,Very Satisfied,Neutral,Dissatisfied,1,0,5,Above and Beyond,Exceeds Expectation 
PR5028,64BA-99F0,31/05/2021,Neutral,Satisfied ,Dissatisfied,1,2,4,Above and Beyond,Above and Beyond
PR2730,41EC-F2AA,1/01/2019,Very Satisfied,Satisfied ,Neutral,1,1,5,Above and Beyond,Exceeds Expectation 
PR4601,D4D5-27FB,21/01/2021,Neutral,Neutral,Neutral,1,0,4,Above and Beyond,Exceeds Expectation 
PR6023,E8B6-8BAE,6/05/2022,Neutral,Very Satisfied,Neutral,1,3,3,Above and Beyond,Exceeds Expectation 
PR4348,465A-91D1,18/10/2020,Neutral,Very Satisfied,Neutral,1,1,2,Above and Beyond,Above and Beyond
PR1083,1472-9F69,2/05/2016,Satisfied ,Satisfied ,Satisfied ,1,0,5,Above and Beyond,Exceeds Expectation 
PR2692,CF8D-7379,11/12/2018,Satisfied ,Dissatisfied,Satisfied ,1,0,4,Above and Beyond,Exceeds Expectation 
PR5347,5C7B-86C0,29/09/2021,Very Satisfied,Neutral,Satisfied ,1,0,5,Above and Beyond,Exceeds Expectation 
PR3786,A7BB-F5A7,14/03/2020,Satisfied ,Very Satisfied,Satisfied ,1,0,5,Above and Beyond,Above and Beyond
PR788,D199-1896,27/10/2015,Satisfied ,Satisfied ,Satisfied ,1,1,2,Above and Beyond,Above and Beyond
PR2887,21B3-8491,2/03/2019,Very Satisfied,Satisfied ,Very Satisfied,1,3,2,Above and Beyond,Exceeds Expectation 
PR5814,5F5B-83B1,6/03/2022,Very Satisfied,Very Satisfied,Very Satisfied,1,1,2,Above and Beyond,Exceeds Expectation 
PR4324,D4D7-3C3F,3/10/2020,Neutral,Satisfied ,Very Satisfied,1,0,5,Above and Beyond,Above and Beyond
PR4571,BD94-98E0,13/01/2021,Dissatisfied,Neutral,Very Dissatisfied,1,2,2,Above and Beyond,Above and Beyond
PR5148,1243-8B63,13/07/2021,Satisfied ,Neutral,Dissatisfied,1,3,3,Above and Beyond,Exceeds Expectation 
PR4003,ED49-73D3,23/05/2020,Neutral,Dissatisfied,Dissatisfied,1,0,2,Above and Beyond,Above and Beyond
PR574,3CD6-5587,24/03/2015,Neutral,Very Satisfied,Dissatisfied,1,1,4,Above and Beyond,Above and Beyond
PR1379,F5E3-48BB,2/01/2017,Dissatisfied,Dissatisfied,Neutral,1,2,1,Above and Beyond,Exceeds Expectation 
PR242,7EE7-2C43,8/03/2014,Satisfied ,Dissatisfied,Neutral,1,1,3,Above and Beyond,Exceeds Expectation 
PR4065,B8A5-07A1,16/06/2020,Neutral,Very Satisfied,Neutral,1,0,2,Above and Beyond,Exceeds Expectation 
PR6268,AA87-13D8,19/07/2022,Satisfied ,Neutral,Neutral,1,2,3,Above and Beyond,Exceeds Expectation 
PR2909,D86B-2E5E,8/03/2019,Very Satisfied,Very Satisfied,Neutral,1,1,3,Above and Beyond,Above and Beyond
PR240,D970-9F5E,7/03/2014,Neutral,Satisfied ,Satisfied ,1,1,2,Above and Beyond,Exceeds Expectation 
PR4695,63DA-AA21,22/02/2021,Satisfied ,Very Satisfied,Satisfied ,1,0,3,Above and Beyond,Exceeds Expectation 
PR508,279C-7342,13/02/2015,Satisfied ,Dissatisfied,Satisfied ,1,1,4,Above and Beyond,Exceeds Expectation 
PR5601,D5DA-363A,5/01/2022,Satisfied ,Satisfied ,Satisfied ,1,2,4,Above and Beyond,Exceeds Expectation 
PR361,BDC5-51CF,22/06/2014,Very Satisfied,Dissatisfied,Satisfied ,1,1,5,Above and Beyond,Above and Beyond
PR5073,1C6C-3B67,18/06/2021,Neutral,Satisfied ,Satisfied ,1,2,5,Above and Beyond,Above and Beyond
PR2163,468A-E249,5/03/2018,Satisfied ,Very Satisfied,Very Satisfied,1,0,4,Above and Beyond,Exceeds Expectation 
PR4881,FD3F-5255,18/04/2021,Very Satisfied,Neutral,Very Satisfied,1,0,2,Above and Beyond,Exceeds Expectation 
PR737,D565-284D,26/07/2015,Neutral,Satisfied ,Very Satisfied,1,1,5,Above and Beyond,Exceeds Expectation 
PR3257,D565-284D,25/07/2019,Neutral,Dissatisfied,Very Satisfied,1,2,4,Above and Beyond,Above and Beyond
PR277,3B11-DF28,6/04/2014,Satisfied ,Neutral,Dissatisfied,1,1,5,Above and Beyond,Exceeds Expectation 
PR800,BFF3-AADC,10/11/2015,Neutral,Satisfied ,Dissatisfied,1,1,3,Above and Beyond,Exceeds Expectation 
PR1059,AB81-A3A0,18/04/2016,Satisfied ,Neutral,Dissatisfied,1,1,3,Above and Beyond,Above and Beyond
PR1413,32AE-C02F,17/01/2017,Neutral,Very Satisfied,Neutral,1,0,4,Above and Beyond,Above and Beyond
PR1151,DDBF-9C79,6/06/2016,Very Satisfied,Very Satisfied,Satisfied ,1,0,5,Above and Beyond,Exceeds Expectation 
PR2098,EE39-C8F2,8/02/2018,Neutral,Neutral,Satisfied ,1,2,5,Above and Beyond,Exceeds Expectation 
PR1895,6F3E-2A75,20/10/2017,Very Satisfied,Dissatisfied,Satisfied ,1,0,4,Above and Beyond,Above and Beyond
PR5285,2546-1312,2/09/2021,Very Satisfied,Neutral,Very Satisfied,1,1,5,Above and Beyond,Exceeds Expectation 
PR1229,9811-F345,13/08/2016,Neutral,Dissatisfied,Very Satisfied,1,2,3,Above and Beyond,Above and Beyond
PR368,D906-B674,18/07/2014,Neutral,Very Satisfied,Very Satisfied,1,1,3,Above and Beyond,Above and Beyond
PR5163,307F-9BFA,18/07/2021,Satisfied ,Dissatisfied,Very Satisfied,1,0,3,Above and Beyond,Above and Beyond
PR6344,2A89-93B6,15/08/2022,Neutral,Satisfied ,Dissatisfied,1,1,5,Above and Beyond,Exceeds Expectation 
PR4214,D7C2-EAA5,13/08/2020,Very Satisfied,Satisfied ,Dissatisfied,1,0,3,Above and Beyond,Above and Beyond
PR5998,5D73-961A,28/04/2022,Neutral,Neutral,Dissatisfied,1,1,3,Above and Beyond,Above and Beyond
PR2748,38EB-ADBD,9/01/2019,Very Dissatisfied,Satisfied ,Neutral,1,0,4,Above and Beyond,Exceeds Expectation 
PR4772,D077-169C,16/03/2021,Neutral,Satisfied ,Neutral,1,1,5,Above and Beyond,Exceeds Expectation 
PR4551,4304-4B4E,7/01/2021,Satisfied ,Neutral,Neutral,1,0,4,Above and Beyond,Above and Beyond
PR582,47A0-559B,28/03/2015,Very Satisfied,Satisfied ,Neutral,1,1,2,Above and Beyond,Above and Beyond
PR5055,A91B-7DC5,13/06/2021,Very Satisfied,Satisfied ,Satisfied ,1,0,3,Above and Beyond,Exceeds Expectation 
PR6015,ED5D-E9D8,3/05/2022,Satisfied ,Neutral,Satisfied ,1,1,4,Above and Beyond,Exceeds Expectation 
PR1141,7349-CCE0,29/05/2016,Neutral,Dissatisfied,Satisfied ,1,1,2,Above and Beyond,Above and Beyond
PR4189,ED73-F078,3/08/2020,Very Satisfied,Satisfied ,Satisfied ,1,3,4,Above and Beyond,Above and Beyond
PR5227,46ED-4007,12/08/2021,Satisfied ,Satisfied ,Satisfied ,1,3,4,Above and Beyond,Above and Beyond
PR5402,9C7D-E1B1,25/10/2021,Neutral,Dissatisfied,Satisfied ,1,1,3,Above and Beyond,Above and Beyond
PR1999,1609-65E1,28/12/2017,Very Satisfied,Dissatisfied,Very Satisfied,1,1,5,Above and Beyond,Above and Beyond
PR2276,E503-C500,22/04/2018,Neutral,Very Satisfied,Very Satisfied,1,1,3,Above and Beyond,Above and Beyond
PR4075,3EB2-9111,22/06/2020,Neutral,Dissatisfied,Very Satisfied,1,1,5,Above and Beyond,Above and Beyond
PR4526,41EC-F2AA,31/12/2020,Very Satisfied,Neutral,Very Satisfied,1,0,2,Above and Beyond,Above and Beyond
PR4776,9727-BC84,17/03/2021,Satisfied ,Neutral,Very Satisfied,1,1,3,Above and Beyond,Above and Beyond
PR5841,D077-169C,16/03/2022,Very Satisfied,Neutral,Very Satisfied,1,1,3,Above and Beyond,Above and Beyond
PR6188,35D2-818A,26/06/2022,Dissatisfied,Very Dissatisfied,Very Dissatisfied,1,1,4,Above and Beyond,Above and Beyond
PR3183,E8F5-C47D,26/06/2019,Neutral,Neutral,Dissatisfied,1,0,5,Above and Beyond,Exceeds Expectation 
PR4668,0CF8-1EBD,12/02/2021,Neutral,Neutral,Neutral,1,2,4,Above and Beyond,Exceeds Expectation 
PR2643,3E4A-F28F,11/11/2018,Very Satisfied,Dissatisfied,Neutral,1,3,3,Above and Beyond,Above and Beyond
PR3722,7DA1-A202,23/02/2020,Satisfied ,Dissatisfied,Neutral,1,3,2,Above and Beyond,Above and Beyond
PR4303,DF7E-3233,24/09/2020,Neutral,Satisfied ,Neutral,1,2,4,Above and Beyond,Above and Beyond
PR5984,1EEB-ABF7,25/04/2022,Very Satisfied,Dissatisfied,Neutral,1,1,3,Above and Beyond,Above and Beyond
PR2427,8B79-18F1,8/07/2018,Satisfied ,Neutral,Satisfied ,1,2,5,Above and Beyond,Exceeds Expectation 
PR6529,3012-1A41,29/10/2022,Satisfied ,Dissatisfied,Satisfied ,1,0,2,Above and Beyond,Exceeds Expectation 
PR755,F877-3BF9,22/08/2015,Neutral,Neutral,Satisfied ,1,0,4,Above and Beyond,Exceeds Expectation 
PR3080,BE93-0736,13/05/2019,Neutral,Very Satisfied,Very Satisfied,1,1,2,Above and Beyond,Exceeds Expectation 
PR3322,1D87-3372,24/08/2019,Neutral,Dissatisfied,Very Satisfied,1,1,3,Above and Beyond,Above and Beyond
PR1672,2523-EFD4,18/05/2017,Neutral,Dissatisfied,Dissatisfied,1,2,4,Above and Beyond,Exceeds Expectation 
PR1953,6A2B-42DB,25/11/2017,Neutral,Neutral,Dissatisfied,1,1,5,Above and Beyond,Exceeds Expectation 
PR5220,2B08-7D3D,9/08/2021,Neutral,Dissatisfied,Dissatisfied,1,1,3,Above and Beyond,Exceeds Expectation 
PR5287,9075-A294,2/09/2021,Neutral,Dissatisfied,Dissatisfied,1,0,5,Above and Beyond,Above and Beyond
PR2768,32AE-C02F,17/01/2019,Neutral,Very Satisfied,Neutral,1,0,3,Above and Beyond,Exceeds Expectation 
PR3190,E46A-3676,29/06/2019,Satisfied ,Neutral,Neutral,1,0,4,Above and Beyond,Exceeds Expectation 
PR3958,DA4C-7F2E,10/05/2020,Very Satisfied,Neutral,Neutral,1,0,4,Above and Beyond,Exceeds Expectation 
PR4271,A409-26AC,7/09/2020,Very Satisfied,Satisfied ,Neutral,1,1,3,Above and Beyond,Exceeds Expectation 
PR6455,5C7B-86C0,29/09/2022,Satisfied ,Satisfied ,Neutral,1,1,5,Above and Beyond,Exceeds Expectation 
PR260,BAFA-86DF,24/03/2014,Satisfied ,Very Satisfied,Neutral,1,1,2,Above and Beyond,Above and Beyond
PR1148,0C7B-2EA6,3/06/2016,Very Satisfied,Dissatisfied,Satisfied ,1,2,4,Above and Beyond,Exceeds Expectation 
PR139,1F0F-458C,15/05/2013,Neutral,Satisfied ,Satisfied ,1,1,5,Above and Beyond,Exceeds Expectation 
PR4502,63E9-F74A,23/12/2020,Neutral,Very Satisfied,Satisfied ,1,1,5,Above and Beyond,Exceeds Expectation 
PR4641,D8B3-30D2,3/02/2021,Very Satisfied,Very Satisfied,Satisfied ,1,0,2,Above and Beyond,Above and Beyond
PR6411,BB09-BF7F,11/09/2022,Very Satisfied,Satisfied ,Satisfied ,1,1,5,Above and Beyond,Above and Beyond
PR3770,40A9-8EB0,8/03/2020,Satisfied ,Dissatisfied,Very Satisfied,1,3,2,Above and Beyond,Exceeds Expectation 
PR3977,26DF-1241,15/05/2020,Neutral,Neutral,Very Satisfied,1,1,4,Above and Beyond,Exceeds Expectation 
PR3143,DDBF-9C79,6/06/2019,Neutral,Dissatisfied,Very Satisfied,1,1,2,Above and Beyond,Above and Beyond
PR4853,489B-14EC,10/04/2021,Neutral,Dissatisfied,Very Dissatisfied,1,0,1,Above and Beyond,Exceeds Expectation 
PR09,F72D-261D,10/01/2013,Satisfied ,Very Satisfied,Dissatisfied,1,1,4,Above and Beyond,Exceeds Expectation 
PR1205,307F-9BFA,19/07/2016,Satisfied ,Very Satisfied,Dissatisfied,1,0,3,Above and Beyond,Exceeds Expectation 
PR3796,9C57-828C,18/03/2020,Very Satisfied,Very Satisfied,Dissatisfied,1,1,3,Above and Beyond,Exceeds Expectation 
PR2154,C57E-6E4F,3/03/2018,Neutral,Very Satisfied,Neutral,1,0,3,Above and Beyond,Exceeds Expectation 
PR1573,0210-E0D8,2/04/2017,Satisfied ,Satisfied ,Neutral,1,1,4,Above and Beyond,Above and Beyond
PR290,EE91-1A9C,15/04/2014,Neutral,Very Satisfied,Neutral,1,0,4,Above and Beyond,Above and Beyond
PR651,9BD6-2C43,7/05/2015,Very Satisfied,Neutral,Neutral,1,3,5,Above and Beyond,Above and Beyond
PR1464,EE39-C8F2,8/02/2017,Neutral,Very Satisfied,Satisfied ,1,0,5,Above and Beyond,Exceeds Expectation 
PR3205,5395-75A1,5/07/2019,Neutral,Dissatisfied,Satisfied ,1,1,2,Above and Beyond,Above and Beyond
PR6432,EA37-AE5E,22/09/2022,Neutral,Neutral,Satisfied ,1,0,5,Above and Beyond,Above and Beyond
PR1478,111D-E5EF,15/02/2017,Satisfied ,Very Satisfied,Very Satisfied,1,2,4,Above and Beyond,Exceeds Expectation 
PR3375,9085-1FE8,28/09/2019,Very Satisfied,Very Satisfied,Very Satisfied,1,1,3,Above and Beyond,Above and Beyond
PR2409,E8F5-C47D,26/06/2018,Dissatisfied,Neutral,Very Dissatisfied,1,0,3,Above and Beyond,Above and Beyond
PR660,41FE-D257,13/05/2015,Very Satisfied,Neutral,Dissatisfied,1,1,2,Above and Beyond,Exceeds Expectation 
PR5159,13FA-3559,17/07/2021,Very Satisfied,Very Satisfied,Dissatisfied,1,0,5,Above and Beyond,Above and Beyond
PR5622,576B-6628,10/01/2022,Satisfied ,Dissatisfied,Dissatisfied,1,1,5,Above and Beyond,Above and Beyond
PR589,1A6D-AF5D,2/04/2015,Very Satisfied,Neutral,Dissatisfied,1,0,2,Above and Beyond,Above and Beyond
PR1613,C661-6A1C,20/04/2017,Satisfied ,Neutral,Neutral,1,2,4,Above and Beyond,Above and Beyond
PR2391,4F64-A0E2,16/06/2018,Neutral,Dissatisfied,Neutral,1,0,5,Above and Beyond,Above and Beyond
PR68,C57E-6E4F,4/03/2013,Neutral,Neutral,Neutral,1,0,5,Above and Beyond,Above and Beyond
PR2399,5468-EEE1,21/06/2018,Satisfied ,Neutral,Satisfied ,1,1,5,Above and Beyond,Exceeds Expectation 
PR4681,D351-C7E4,16/02/2021,Satisfied ,Satisfied ,Satisfied ,1,2,2,Above and Beyond,Exceeds Expectation 
PR669,4D59-B831,20/05/2015,Neutral,Satisfied ,Satisfied ,1,1,2,Above and Beyond,Above and Beyond
PR3693,B2D6-A355,12/02/2020,Satisfied ,Dissatisfied,Very Satisfied,1,0,2,Above and Beyond,Above and Beyond
PR1371,03EF-5904,29/12/2016,Dissatisfied,Satisfied ,Dissatisfied,1,3,3,Above and Beyond,Exceeds Expectation 
PR2770,8D34-EBDF,17/01/2019,Satisfied ,Very Satisfied,Dissatisfied,1,0,5,Above and Beyond,Exceeds Expectation 
PR3580,D5DA-363A,6/01/2020,Very Satisfied,Satisfied ,Dissatisfied,1,2,3,Above and Beyond,Exceeds Expectation 
PR3700,5A04-0EB4,15/02/2020,Neutral,Satisfied ,Dissatisfied,1,2,5,Above and Beyond,Exceeds Expectation 
PR5440,4C62-5BE8,6/11/2021,Neutral,Satisfied ,Dissatisfied,1,1,4,Above and Beyond,Exceeds Expectation 
PR5848,88B8-EB84,18/03/2022,Very Satisfied,Very Satisfied,Dissatisfied,1,0,3,Above and Beyond,Exceeds Expectation 
PR6164,72D8-2284,16/06/2022,Satisfied ,Dissatisfied,Dissatisfied,1,1,4,Above and Beyond,Exceeds Expectation 
PR5226,040C-EDED,12/08/2021,Satisfied ,Satisfied ,Neutral,1,0,2,Above and Beyond,Exceeds Expectation 
PR2433,9A87-71F6,9/07/2018,Neutral,Very Satisfied,Neutral,1,0,2,Above and Beyond,Above and Beyond
PR3622,606E-A262,19/01/2020,Neutral,Satisfied ,Neutral,1,3,5,Above and Beyond,Above and Beyond
PR3715,F997-FE6C,21/02/2020,Neutral,Satisfied ,Neutral,1,0,2,Above and Beyond,Above and Beyond
PR5142,1A38-1D62,11/07/2021,Satisfied ,Very Satisfied,Neutral,1,0,2,Above and Beyond,Above and Beyond
PR4830,1424-0B0C,2/04/2021,Neutral,Dissatisfied,Satisfied ,1,3,2,Above and Beyond,Exceeds Expectation 
PR6055,2BCE-F73C,15/05/2022,Neutral,Very Satisfied,Satisfied ,1,0,3,Above and Beyond,Exceeds Expectation 
PR1611,9D01-8A02,18/04/2017,Neutral,Satisfied ,Satisfied ,1,0,5,Above and Beyond,Above and Beyond
PR6323,6925-864E,8/08/2022,Neutral,Very Satisfied,Satisfied ,1,2,4,Above and Beyond,Above and Beyond
PR3641,FBED-F86B,26/01/2020,Neutral,Very Satisfied,Very Satisfied,1,1,5,Above and Beyond,Exceeds Expectation 
PR5904,B6EC-313E,2/04/2022,Very Satisfied,Neutral,Very Satisfied,1,0,2,Above and Beyond,Exceeds Expectation 
PR5799,1054-9C3B,4/03/2022,Satisfied ,Neutral,Neutral,1,0,5,Above and Beyond,Exceeds Expectation 
PR3720,C6A8-4E8A,22/02/2020,Very Satisfied,Very Satisfied,Satisfied ,1,1,2,Above and Beyond,Exceeds Expectation 
PR2899,8567-5B27,6/03/2019,Neutral,Very Satisfied,Satisfied ,1,0,3,Above and Beyond,Above and Beyond